text,clean_text,polarity_score,sentiment
price range e onek valo product.plastic quality temon valo na.sound onek valo ei price range e.kaan betha hoy as plastic er body.overall kharap na.,price range e onek valo productplastic quality temon valo nasound onek valo ei price range ekaan betha hoy as plastic er bodyoverall kharap na,7,0
amazing 😍 yarbarths sound quality is good 👍 like it 👍 apnar o nitay paran 😱,amazing  yarbarths sound quality is good  like it  apnar o nitay paran ,12,1
Same as a picture. Thank you Daraz and seller. Headphone ta te bass khub kom.,same as a picture thank you daraz and seller headphone ta te bass khub kom,9,1
Keho niben na ei product onk baje charge dile light jole r 2 tai nosto 🤬,keho niben na ei product onk baje charge dile light jole r 2 tai nosto ,7,0
"not working.
12 din hoise nichi.
kisu bolar vasa khuje pachchhi na 😡😡","not working
12 din hoise nichi
kisu bolar vasa khuje pachchhi na ",7,0
vai ai ta MOTA moti Valo ache apnra nite paren Kono somossa nai,vai ai ta mota moti valo ache apnra nite paren kono somossa nai,4,2
quality valo e dekhlam akhon use kora Dekhi Kemon service day,quality valo e dekhlam akhon use kora dekhi kemon service day,7,0
"valoi silo ager ta, tar jonno arekta nilam",valoi silo ager ta tar jonno arekta nilam,7,0
"alhamdulillah valoi product ta,nite paren",alhamdulillah valoi product tanite paren,7,0
pordak or khubi Valo saile kau nite paren,pordak or khubi valo saile kau nite paren,7,0
kom taker betore  thes airport is best 💯,kom taker betore  thes airport is best ,11,1
sob kicu thik Joss kintu dhaknita durbol,sob kicu thik joss kintu dhaknita durbol,5,2
valo apnara caile nite paren,valo apnara caile nite paren,7,0
Jodi sotti boli taile bolbo baire fitfat vitore sodor ghat . 😂,jodi sotti boli taile bolbo baire fitfat vitore sodor ghat  ,7,0
delivery onk taratari asche kalke order disi ajk sokale hate paiaa gesi takar tulonai vhalo ee akta earbuds apnara chaile nite pare,delivery onk taratari asche kalke order disi ajk sokale hate paiaa gesi takar tulonai vhalo ee akta earbuds apnara chaile nite pare,2,2
Ekdom baje product. Amr earbuds gulu charage e nite chai nh. Allah ader moto seller der business bondo koruk amin. Chi daraz Chi,ekdom baje product amr earbuds gulu charage e nite chai nh allah ader moto seller der business bondo koruk amin chi daraz chi,10,1
ata jem dekte demon noy. ak don baje. ar jara game ar jonno niben. tara ata teke 100 hat dure taken.,ata jem dekte demon noy ak don baje ar jara game ar jonno niben tara ata teke 100 hat dure taken,7,0
"not good at all
3-4 fit dure gelei connection lost hoiya jai","not good at all
34 fit dure gelei connection lost hoiya jai",4,2
besi valo na motamoti but gaming er jonno ei dam e best,besi valo na motamoti but gaming er jonno ei dam e best,12,1
alhumdullilah motamoti valo but case charge thakei na,alhumdullilah motamoti valo but case charge thakei na,7,0
"1 side bati jole na r 1 ta ear nosto
totally waste🐸","1 side bati jole na r 1 ta ear nosto
totally waste",3,2
Good got the best but but the packaging is very bad,good got the best but but the packaging is very bad,4,2
nostw akta airbuds.fultu products kew niben nah ata,nostw akta airbudsfultu products kew niben nah ata,6,2
product ta Valo na Khali bondho hoye jay😡😡😡😡,product ta valo na khali bondho hoye jay,7,0
this is the best airpods for gaming and music,this is the best airpods for gaming and music,11,1
vai ar kisu nen na nen aita niyen khub Valo,vai ar kisu nen na nen aita niyen khub valo,7,0
ei earbud ta valo na charge akdomi thakena,ei earbud ta valo na charge akdomi thakena,7,0
allhamdulillah onek Valo apnara nite paren,allhamdulillah onek valo apnara nite paren,7,0
very and not smooth.  kan pura jay ga.bu,very and not smooth  kan pura jay gabu,7,0
"sawan koyaliti Valo
toba chai kom thaka","sawan koyaliti valo
toba chai kom thaka",7,0
onek Valo apnarao nite paren,onek valo apnarao nite paren,7,0
valo kintu sound ektu kom 🙂,valo kintu sound ektu kom ,7,0
crg thaka na falto products,crg thaka na falto products,7,0
jmon asa korsi temon na 😔,jmon asa korsi temon na ,7,0
"sound quality onkta baje.
r uporer mokh khole gese😑","sound quality onkta baje
r uporer mokh khole gese",7,0
onek baje product 3 din ar vitor sob nosto hoia gse,onek baje product 3 din ar vitor sob nosto hoia gse,5,2
Gaming er jonno bhalo na.. beat kom.,gaming er jonno bhalo na beat kom,7,0
product sound 10-10 sob dik diye perfect ak kothai moner moton 😊😊😘,product sound 1010 sob dik diye perfect ak kothai moner moton ,9,1
Ami 22 August Air pods pro 2nd Generation Order korsilam & 28 August Delivery Peyesi 🙃,ami 22 august air pods pro 2nd generation order korsilam  28 august delivery peyesi ,7,0
ak kothai osadaron 4 din use korlam. Sound quality onak valo call a kotha bola clear kotha suna jai ear buds a charge o valo thaka... apnara chaila nita paran,ak kothai osadaron 4 din use korlam sound quality onak valo call a kotha bola clear kotha suna jai ear buds a charge o valo thaka apnara chaila nita paran,9,1
product ar sound quality khube bhalo bass o deep bass vocal ar quality AK khothai osha dharon akkhtha ai dam a ar thaka Bhalo product Pao shombhob na  saller o onk Bhalo Manus ❤️🙂,product ar sound quality khube bhalo bass o deep bass vocal ar quality ak khothai osha dharon akkhtha ai dam a ar thaka bhalo product pao shombhob na  saller o onk bhalo manus ,7,0
Alhamdulillah jmn ta review te dekhechi tar thekeo vlo,alhamdulillah jmn ta review te dekhechi tar thekeo vlo,7,0
"Alhamdulillah aj e receive korlam ,jemon cheyechilam temon e peyechi. ",alhamdulillah aj e receive korlam jemon cheyechilam temon e peyechi ,7,0
"Alhamdulillah jymon ta review dykysi tar tykyo valo 🥰🥰 ar Sound quality kob kob valo 👍❤️ 
Tnx to sellar and daraz tik time moto delivery  dywar jonno❤️😎🫡 sobai nity paryn","alhamdulillah jymon ta review dykysi tar tykyo valo  ar sound quality kob kob valo  
tnx to sellar and daraz tik time moto delivery  dywar jonno sobai nity paryn",8,1
intact product dear jonno onak onak thanks to the seller 😁,intact product dear jonno onak onak thanks to the seller ,12,1
"Type C to type C charging cable dise.
sounds quality valo.
 look tao valo.
ANC kaj kore kina jani na.","type c to type c charging cable dise
sounds quality valo
 look tao valo
anc kaj kore kina jani na",7,0
"Alhamdulillah, Onk druto hate peyeci. hate dhore ekta premium feel pacci. Sound quality o onk sundor.",alhamdulillah onk druto hate peyeci hate dhore ekta premium feel pacci sound quality o onk sundor,1,2
Ajk hte paici... check kore dekhlam... soun quality o valo ache..... delivery o thik time e hoico so ei rate ei product... Alhamdulillah satisfied..... 😌,ajk hte paici check kore dekhlam soun quality o valo ache delivery o thik time e hoico so ei rate ei product alhamdulillah satisfied ,7,0
it was good..  but the noice consolation type was so poor. sound quality good as like price...,it was good  but the noice consolation type was so poor sound quality good as like price,9,1
"Sound quality 10 out of 10
Build quality  10 out of 10
packaging 10 out of 10
Delivery 10 out of 10 
Awesome product","sound quality 10 out of 10
build quality  10 out of 10
packaging 10 out of 10
delivery 10 out of 10 
awesome product",11,1
Khup baje akta product ak din er modde nosto hoya gase keo kinben na 600tk akdom los hobe khup e kharap akta jines keo kinban na,khup baje akta product ak din er modde nosto hoya gase keo kinben na 600tk akdom los hobe khup e kharap akta jines keo kinban na,7,0
Alhamdulillah look ta khob e valo... aonek tara tari pailam.... 1kothay ochthir porai🔥🔥,alhamdulillah look ta khob e valo aonek tara tari pailam 1kothay ochthir porai,7,0
Product ar quality onek valo ♥️ Akdom original product.And the seller was very kind♥️♥️,product ar quality onek valo  akdom original productand the seller was very kind,12,1
"best kintu tws er moto sounds quality 
box Mone hoi original burds er sound mota muti","best kintu tws er moto sounds quality 
box mone hoi original burds er sound mota muti",12,1
Alhamdulillah... amr kache ei airpods ta onek valo legeche... tank you so much daraz,alhamdulillah amr kache ei airpods ta onek valo legeche tank you so much daraz,7,0
product ti onk vlo...... jamon dekhace tamon e paice.. chaile apnara nite parben🙂🙂,product ti onk vlo jamon dekhace tamon e paice chaile apnara nite parben,7,0
"product  onek valo🥰, order korar 5 din por hate pelam,ekhno use kore dekbo kemon",product  onek valo order korar 5 din por hate pelamekhno use kore dekbo kemon,2,2
sob kicu thik ase and packaging ta o good sob kicu milla perfct sound o osthir.,sob kicu thik ase and packaging ta o good sob kicu milla perfct sound o osthir,6,2
Gaming er Jonno aktu pera khete hoy tobe 600 takay onk tai valo maner Airports 💝,gaming er jonno aktu pera khete hoy tobe 600 takay onk tai valo maner airports ,7,0
Nice product but the charger is both side type -c so how will i charge it!!!,nice product but the charger is both side type c so how will i charge it,8,1
Battery backup khub kom..... Ei price er moddhe.... Sound quality khub  valo,battery backup khub kom ei price er moddhe sound quality khub  valo,7,0
"products tik ace 
sob kicu perfect 
sound quality o good. 
svai nite paren","products tik ace 
sob kicu perfect 
sound quality o good 
svai nite paren",11,1
"onek vlo thank you saller k and daraz k o 
special thanks for delivery man 💕💕","onek vlo thank you saller k and daraz k o 
special thanks for delivery man ",12,1
onk vlo ekti Product khub vlo colche. but nicher pop-up system er je ekta Sound hoy seita hocche nh.,onk vlo ekti product khub vlo colche but nicher popup system er je ekta sound hoy seita hocche nh,11,1
Alhamdulillah valo ekta products sobai nite paren ❤️‍🩹🥰,alhamdulillah valo ekta products sobai nite paren ,7,0
"Just awesome 👍😎 
jemon ta caici temonta peyechi. thanks","just awesome  
jemon ta caici temonta peyechi thanks",12,1
sound quality bettery backup onek valo dekhteo gorgeous nite paren🍎,sound quality bettery backup onek valo dekhteo gorgeous nite paren,11,1
sound quality vloi.chaile nite paren..dam hisebe vloi,sound quality vloichaile nite parendam hisebe vloi,7,0
"temon valo na sound quality kharap onek


taka nosto","temon valo na sound quality kharap onek


taka nosto",7,0
Donnobad Daraz ke jemon dekhechi thik temon peyechi,donnobad daraz ke jemon dekhechi thik temon peyechi,7,0
"mota moti Valo asa 🤩
ear but a 70%r basi charge utha na 🫣","mota moti valo asa 
ear but a 70r basi charge utha na ",7,0
Not bad. but the opening sound is very annoying.,not bad but the opening sound is very annoying,3,2
Valo product.tana 4 ghonta backup dita para.,valo producttana 4 ghonta backup dita para,7,0
onak valo apnara shobay nitay paren,onak valo apnara shobay nitay paren,7,0
Kew Niben na aita.akdom faltu 😡😡😡aita na die onno ta dise,kew niben na aitaakdom faltu aita na die onno ta dise,2,2
Sob e thik ase but cable ta nosto.,sob e thik ase but cable ta nosto,6,2
"valo akta product peyesi, thanks",valo akta product peyesi thanks,10,1
alhamdulillah bolte gele 10-10 dite hbe sei rokm,alhamdulillah bolte gele 1010 dite hbe sei rokm,7,0
khub Valo and delivery vaiao khub valo,khub valo and delivery vaiao khub valo,7,0
"good product,, value for money 🥰🥰",good product value for money ,11,1
just wow ar kisu bolar nai choto morij 😩💥,just wow ar kisu bolar nai choto morij ,11,1
Product vlo alhumdullah sob tik tak shobai nite paren delevery o onek taratari paici jemon dekci tik temon paici ato vlo jenis pabo ai takai vabte pari nai,product vlo alhumdullah sob tik tak shobai nite paren delevery o onek taratari paici jemon dekci tik temon paici ato vlo jenis pabo ai takai vabte pari nai,5,2
price wish good product.sound quality bhalo chilo.ar charging port type-c hoar por o Tara 1 ta cable dia dise jeta bhalo lagse❤️,price wish good productsound quality bhalo chiloar charging port typec hoar por o tara 1 ta cable dia dise jeta bhalo lagse,11,1
"product 10/10
product sera, sound quality bhalo,","product 1010
product sera sound quality bhalo",7,0
air pods ta khub I Valo sound quality purai agun. ar cheye best air pods ato kom damer moddhe kokhonoi Dekhi nei,air pods ta khub i valo sound quality purai agun ar cheye best air pods ato kom damer moddhe kokhonoi dekhi nei,11,1
product valo.but c type charger kheyal kori nai. akhon c type charger o nai.  akhon ki kora jay?,product valobut c type charger kheyal kori nai akhon c type charger o nai  akhon ki kora jay,7,0
akta hate peyechi. already r akta order confirmation kora hoise. products quality onk vlo sound o Joss.,akta hate peyechi already r akta order confirmation kora hoise products quality onk vlo sound o joss,2,2
Product quality budget bibechonai bolte gele A+ ,product quality budget bibechonai bolte gele a ,7,0
"products valoi ase but Android a use korar jonno onek kichu miss korchi 
overall good","products valoi ase but android a use korar jonno onek kichu miss korchi 
overall good",10,1
valo asee product jemon dam oi rkm kaj kore deklam use base quality ade mota moti,valo asee product jemon dam oi rkm kaj kore deklam use base quality ade mota moti,7,0
valo lagse products. kintu apnara charging cable ta den nai ai karone valo lago na,valo lagse products kintu apnara charging cable ta den nai ai karone valo lago na,7,0
onek sundor ekai products sobai nite paren delivery man er bebohar onek valo,onek sundor ekai products sobai nite paren delivery man er bebohar onek valo,7,0
Sound quality khub e vlo.. charge o valoi thake  👌👌 ami 2 ta niyechi,sound quality khub e vlo charge o valoi thake   ami 2 ta niyechi,7,0
khub kharap delivery cable er samne pechone ak.sound quality valo na.,khub kharap delivery cable er samne pechone aksound quality valo na,7,0
alhamdulillah. amr onek vlo lagce. Ekhn vlo service dilei holo,alhamdulillah amr onek vlo lagce ekhn vlo service dilei holo,7,0
good but ekta besi ekta Kom sound hoy sound level perfect na,good but ekta besi ekta kom sound hoy sound level perfect na,12,1
ata vlo sobay babohar korte paro Dam kom kinto jinis ta vlo,ata vlo sobay babohar korte paro dam kom kinto jinis ta vlo,7,0
Valo ase Product chile nite paren sound quality onek valo,valo ase product chile nite paren sound quality onek valo,7,0
onek valo eta ..tobe charge kom thake bole mone hoi,onek valo eta tobe charge kom thake bole mone hoi,7,0
"Onk valo ekti product, chaile nissondehe nite paren",onk valo ekti product chaile nissondehe nite paren,7,0
Alhamdulillah price hishabe product anek valo💖,alhamdulillah price hishabe product anek valo,7,0
Amar ata open hoy nah .😩😩😩😩😣😣😩😩😩😫😫😫,amar ata open hoy nah ,6,2
Akta charge thaktese arektai thektese na 100 e hosse na,akta charge thaktese arektai thektese na 100 e hosse na,7,0
2ta nisi 1 ta charging back up kom thake,2ta nisi 1 ta charging back up kom thake,7,0
Good quality product best deal ei price e,good quality product best deal ei price e,12,1
akta valo akta nosto.ata asha kori ni,akta valo akta nostoata asha kori ni,7,0
onak valo apnara nitay paren,onak valo apnara nitay paren,7,0
onek valo apora nite paren,onek valo apora nite paren,7,0
good sound ami 4 Ta nici,good sound ami 4 ta nici,10,1
kisu bolar nay.10 e 10,kisu bolar nay10 e 10,7,0
"mobile e connect korle thik ace but pc/ laptop e jamela hoi.

sound baje dei","mobile e connect korle thik ace but pc laptop e jamela hoi

sound baje dei",7,0
"ajke pailam 
use Kore deki kemon","ajke pailam 
use kore deki kemon",7,0
mota moti charge 1tu kom thke,mota moti charge 1tu kom thke,7,0
ami product ta power por dakhi porduct ar silling thik thak asa. tai ami ar deliveryman ar sam na khuli ni kintu bashai asa khular por dakhi air poods ta bhito ra jai sada plastic ta dia pacha no tha ka sata khula,ami product ta power por dakhi porduct ar silling thik thak asa tai ami ar deliveryman ar sam na khuli ni kintu bashai asa khular por dakhi air poods ta bhito ra jai sada plastic ta dia pacha no tha ka sata khula,4,2
Charge thake nah bal er product a,charge thake nah bal er product a,6,2
"aktay charge cilo na somosa nai charge Diya sob ok ase 
genuine product
great sound love it 

Thanks seller and Daraz","aktay charge cilo na somosa nai charge diya sob ok ase 
genuine product
great sound love it 

thanks seller and daraz",13,1
Twsta near kono icche chilona 40% er voucher thakay 300+ taka diye niye nilam.,twsta near kono icche chilona 40 er voucher thakay 300 taka diye niye nilam,7,0
"awesome product, satisfied, 2 din er vitore delivery paisi, khub fast, valoi",awesome product satisfied 2 din er vitore delivery paisi khub fast valoi,12,1
earbuds ta onk valo.bt packaging ta amr kase valo lage ni.basi chap porse product tar upor.,earbuds ta onk valobt packaging ta amr kase valo lage nibasi chap porse product tar upor,7,0
Alhamdulillah. TWS ta onek valo. Price onujayi sound quality very good. Charge backup o enough. Delivery chilo super fast. Overall satisfied. Thanks seller and Daraz.,alhamdulillah tws ta onek valo price onujayi sound quality very good charge backup o enough delivery chilo super fast overall satisfied thanks seller and daraz,13,1
Ei product ta onk valo ami ekta use kortesi eta amar bon er jonno order disilam,ei product ta onk valo ami ekta use kortesi eta amar bon er jonno order disilam,7,0
"sound quality: 10/10 (at this price)
comfort: 7/10
looks:10/10
battery:9/10","sound quality 1010 at this price
comfort 710
looks1010
battery910",9,1
"Just akta word bolbo ""The best tws """,just akta word bolbo the best tws ,11,1
er theke kharap r tws r ache kina jani na sound eto baje ki bolbo beshi din use korle kan e kharap hoye jabe......,er theke kharap r tws r ache kina jani na sound eto baje ki bolbo beshi din use korle kan e kharap hoye jabe,4,2
"Ai price e better Pete paren kintu ototao kharap na 
M20 gular moroe ai model ","ai price e better pete paren kintu ototao kharap na 
m20 gular moroe ai model ",10,1
masallah vloi product  sound quality o vlo but charge ektu kom thake ta Cara sob thik thak aca alhamdulillah 👀🖤,masallah vloi product  sound quality o vlo but charge ektu kom thake ta cara sob thik thak aca alhamdulillah ,4,2
Baje 1ra airpod ai price e. 1 hour o charge thake na.,baje 1ra airpod ai price e 1 hour o charge thake na,7,0
"Delivery too late 😡,, Delivery vaiyata amar location a ae nai,, .",delivery too late  delivery vaiyata amar location a ae nai ,7,0
Ak kothai osthir 😊 ar jar kotha na bollai noi dalivari boy ta onke valo silo thank You Daraz,ak kothai osthir  ar jar kotha na bollai noi dalivari boy ta onke valo silo thank you daraz,9,1
"this is so good 
prize hisabe khob balo","this is so good 
prize hisabe khob balo",12,1
product valo chilo.,product valo chilo,7,0
alhamdulillah onk valo akta product....apnara nite pren,alhamdulillah onk valo akta productapnara nite pren,7,0
emnite valo . sound ta ektu kom mone hoyese. mobile theke volume bariye dite hoy .,emnite valo  sound ta ektu kom mone hoyese mobile theke volume bariye dite hoy ,7,0
ei price er moddhe best product. Charge onk hour thake sound quality onk vlo.,ei price er moddhe best product charge onk hour thake sound quality onk vlo,11,1
Alhamdulillah onek valo jemon ta chaisilam temon e paisi ajk ei hate paisi,alhamdulillah onek valo jemon ta chaisilam temon e paisi ajk ei hate paisi,2,2
Assalamulaikum... alhamdulillah sob kichui valo.. tobe ekta buds a ektu problem hochhe .. ekta buds charge a bosanor somoy ektu nora nori korte hochhe.. tobe ektu guta guti kore adjust koriye dilei sob ok.. Kintu sob theke boro kotha.. ami seller a onk massage korechi.. se birokto na hoye valo vabei amk reply koreche.. tar bebohar eto valo.. jar karone ei buds er problem ta soman soman hoye geche.. Tnx sellar vai..,assalamulaikum alhamdulillah sob kichui valo tobe ekta buds a ektu problem hochhe  ekta buds charge a bosanor somoy ektu nora nori korte hochhe tobe ektu guta guti kore adjust koriye dilei sob ok kintu sob theke boro kotha ami seller a onk massage korechi se birokto na hoye valo vabei amk reply koreche tar bebohar eto valo jar karone ei buds er problem ta soman soman hoye geche tnx sellar vai,1,2
onek Valo products. jinis ta khubi Valo lagse,onek valo products jinis ta khubi valo lagse,7,0
Alluhamdurilla ami time er age paigese,alluhamdurilla ami time er age paigese,7,0
"Joss Ekta Products Just Looking Like a Wow.....Sound Quality Mutamuti Valo.
Thank You Daraz & Thank You Seller","joss ekta products just looking like a wowsound quality mutamuti valo
thank you daraz  thank you seller",12,1
product ta nissondehe valo but buds gulo charge a dile koyek bar nara deyar pore charge show kore abr majhe majhe charge chere dey🙂,product ta nissondehe valo but buds gulo charge a dile koyek bar nara deyar pore charge show kore abr majhe majhe charge chere dey,7,0
ami ai product ta 3 month use korsi valo lagche. aitar price onu jai aitar sound quality moto moti,ami ai product ta 3 month use korsi valo lagche aitar price onu jai aitar sound quality moto moti,7,0
Just looking like a wow,just looking like a wow,12,1
3 month por review dilam..shotti khub best ekta Bluetooth eke sound master o bolte paren .....❤️,3 month por review dilamshotti khub best ekta bluetooth eke sound master o bolte paren ,11,1
Alhamduillah .Headphone ta khub valo legeche. Apnara caile nite paren.,alhamduillah headphone ta khub valo legeche apnara caile nite paren,7,0
khube e vlo akta jinesh thanks you Daraz ❤️,khube e vlo akta jinesh thanks you daraz ,10,1
"Product ta khuboi valo. Sound quality, charge backup, look sob miliye darun. Ami onek happy.",product ta khuboi valo sound quality charge backup look sob miliye darun ami onek happy,9,1
all over good.. box er charge joldi shesh hoye jay otherwise ear buds er charge long lasting. sound quality bolte gele ek kaner sound kom arek kaner beshi. quality price onujayi good . recommended product it is. same as shown.,all over good box er charge joldi shesh hoye jay otherwise ear buds er charge long lasting sound quality bolte gele ek kaner sound kom arek kaner beshi quality price onujayi good  recommended product it is same as shown,12,1
"Sound quality medium, beshi clarity nai sound ee ektu noice ashe bass lover de jonno best ei price ee motamoti ekta bhalo product kharap nah but aro bhalo hoile bhalo hoito price onujai",sound quality medium beshi clarity nai sound ee ektu noice ashe bass lover de jonno best ei price ee motamoti ekta bhalo product kharap nah but aro bhalo hoile bhalo hoito price onujai,11,1
"product ta valoi and delivery taw khub tara tari payachi..  thx daraz, saller,  and delivery man",product ta valoi and delivery taw khub tara tari payachi  thx daraz saller  and delivery man,9,1
"thnxxx for the product
valo clo","thnxxx for the product
valo clo",7,0
valoi cholchhe. charge thake onek khon,valoi cholchhe charge thake onek khon,7,0
Valo product . Kintu connect hoita aktu somoi lage,valo product  kintu connect hoita aktu somoi lage,7,0
"amar khub valo lagse,,valoi chole,, ai tk ai best",amar khub valo lagsevaloi chole ai tk ai best,11,1
"The product is good but the charge is low compared to other TWS, hope to get a better and cheaper product in the future",the product is good but the charge is low compared to other tws hope to get a better and cheaper product in the future,12,1
"very nice product, as like picture. delivery man o khub Valo behavior. packing o Valo chilo.
thanks to seller and ❤️❤️for daraz","very nice product as like picture delivery man o khub valo behavior packing o valo chilo
thanks to seller and for daraz",12,1
"Product ta khubi bhalo. ami gotobochor june e amar jonno nisi, ekhono use kortesi smoothly. August e friend ke gift korsilam oitao bhalo choltese ekhono. 10/10",product ta khubi bhalo ami gotobochor june e amar jonno nisi ekhono use kortesi smoothly august e friend ke gift korsilam oitao bhalo choltese ekhono 1010,12,1
"valo na.. dui ta eksathe connect hoy na.. alada alada connect korte hoy.. tachara cheyechilam m90 pro, diyeche m90..😔",valo na dui ta eksathe connect hoy na alada alada connect korte hoy tachara cheyechilam m90 pro diyeche m90,7,0
mone hoina beshi din tikbe.....dekha jak kotodin tikey...Jodi vlo hoi tahole abr order dibo.,mone hoina beshi din tikbedekha jak kotodin tikeyjodi vlo hoi tahole abr order dibo,7,0
produced ta asholei onk valo chilo☺️,produced ta asholei onk valo chilo,7,0
left speaker a sound thik ase but right a onk kom sound..  Ashanurup holo na..😔,left speaker a sound thik ase but right a onk kom sound  ashanurup holo na,7,0
"Product Valo, nite paren. Kom bugdet e valo device. But charge backup valo na",product valo nite paren kom bugdet e valo device but charge backup valo na,7,0
"product jamon deksi temon pisi. ak week babohar korlam valoi,but charging problem ase 50% por charge kom thake olpo kisu khoner vitor shes hoia jay.",product jamon deksi temon pisi ak week babohar korlam valoibut charging problem ase 50 por charge kom thake olpo kisu khoner vitor shes hoia jay,4,2
buds ar battery onek kom bar bar charge 2 hour use korlei charge kora lage,buds ar battery onek kom bar bar charge 2 hour use korlei charge kora lage,7,0
ak dom bajee. sound quality akta ak rokom. chargeing e problem.,ak dom bajee sound quality akta ak rokom chargeing e problem,4,2
nice product. kintu majhe majhe automatically disconnect hoye jai.,nice product kintu majhe majhe automatically disconnect hoye jai,9,1
Bai anak balo product APNI thitha paran,bai anak balo product apni thitha paran,7,0
"Product ta delivery hoye silo September 5 tarikh.. ajker date September 23.. 18 din use er por..  box kaj kora bondho kore dise.. earbuds gula still kaj kortese.. but box kaj kore na tai earbuds gular charge shesh hoye gele r use kora jabe na.. 
product tao original na..","product ta delivery hoye silo september 5 tarikh ajker date september 23 18 din use er por  box kaj kora bondho kore dise earbuds gula still kaj kortese but box kaj kore na tai earbuds gular charge shesh hoye gele r use kora jabe na 
product tao original na",10,1
100% Copy product. L airbuds ta akdomi charge tike na R call a mic kaj kore na kotha bola jai na.,100 copy product l airbuds ta akdomi charge tike na r call a mic kaj kore na kotha bola jai na,10,1
"kew niyen na nosto product sell kore beiman kth	kar🙂","kew niyen na nosto product sell kore beiman kth	kar",7,0
onek bhalo product apnara nite paren,onek bhalo product apnara nite paren,7,0
valo ase tobe charg beckup kub kom,valo ase tobe charg beckup kub kom,7,0
good 1 yr use hoise ekon o valo.,good 1 yr use hoise ekon o valo,10,1
charger backup khub e kom....,charger backup khub e kom,7,0
still running after 5 month,still running after 5 month,7,0
product ta sotty khub Valo sobay ayta nita parin,product ta sotty khub valo sobay ayta nita parin,7,0
product akdom intake paici . kintu left bud tar battery backup aktu kom,product akdom intake paici  kintu left bud tar battery backup aktu kom,7,0
M90 tws earbuds awesome....Ami Pura DUI din age charge disi onek Valo kaj kore,m90 tws earbuds awesomeami pura dui din age charge disi onek valo kaj kore,7,0
Earbuds case ta aktu boro but sob miliy product ta valo 😌🤗,earbuds case ta aktu boro but sob miliy product ta valo ,4,2
Ami 2 ta ak sate bajate Pari na sitting ta bolen plz,ami 2 ta ak sate bajate pari na sitting ta bolen plz,7,0
khubi valo ekti product shob thik thak chilo,khubi valo ekti product shob thik thak chilo,7,0
akta valo podak sobai neta paran,akta valo podak sobai neta paran,7,0
anek sundor ata. kew nile nite paren.,anek sundor ata kew nile nite paren,7,0
earbuds quality is really good..,earbuds quality is really good,10,1
motamuti tk hishaba sound quality ok.,motamuti tk hishaba sound quality ok,9,1
Left Earbuds a touch sensor kaj Kore nah,left earbuds a touch sensor kaj kore nah,6,2
ak kaner ta banga cilo..kintu sound quality valo,ak kaner ta banga cilokintu sound quality valo,7,0
left side air bud nosto,left side air bud nosto,7,0
"ekodom baje ,
er theke baje mone hoy r hote pare na,","ekodom baje 
er theke baje mone hoy r hote pare na",7,0
akta bud nosto silo rerun🙂kore disi,akta bud nosto silo rerunkore disi,7,0
"product ta valo silo sound 9/10 
connectivity 8/10 
delivery pakage damaged silo plus cable ta moila silo like it used before overall good..","product ta valo silo sound 910 
connectivity 810 
delivery pakage damaged silo plus cable ta moila silo like it used before overall good",9,1
"3 din holo nilam 
amr kase valoi lagche apnarao nite paren 🥰","3 din holo nilam 
amr kase valoi lagche apnarao nite paren ",7,0
khubi baze ekta  product diche amake sound  oto valo nah  quality  valoo nah  kew niben nah,khubi baze ekta  product diche amake sound  oto valo nah  quality  valoo nah  kew niben nah,4,2
"motamuti valo,,sound toto ta high na..toba valoi..",motamuti valosound toto ta high natoba valoi,7,0
"onek balo silo🖤
daraz ke tnx🥰
ato balo prodak dewyar jonno🖤","onek balo silo
daraz ke tnx
ato balo prodak dewyar jonno",8,1
sholpo mulle khubi valo akta product peyechi. charging back up 3 hours+ price onujai valo legeche,sholpo mulle khubi valo akta product peyechi charging back up 3 hours price onujai valo legeche,7,0
"Alhamdulillah , Product quality is good ♥️.
Price Onujayi Thik Ache - Affordable option for regular uses.","alhamdulillah  product quality is good 
price onujayi thik ache  affordable option for regular uses",7,0
Alhamdulillah airport gola onk vlo cilo sound quality onk vlo use korar por review dilam Charg 3 hour projnto breakup dei amr kase kom damer modde valoi lagce apnra chaile nite pare😊🥀,alhamdulillah airport gola onk vlo cilo sound quality onk vlo use korar por review dilam charg 3 hour projnto breakup dei amr kase kom damer modde valoi lagce apnra chaile nite pare,7,0
ai price e ja paise tai onek just sudhu battery ektu kom but ai price e onek vlo. thanks for this product ❤,ai price e ja paise tai onek just sudhu battery ektu kom but ai price e onek vlo thanks for this product ,11,1
Joss ekta Product... sound quality o onk valo...Delivery o taratari peyechi and delivery man er behaviour o valo chilo...sob miliye best ekta product🤍,joss ekta product sound quality o onk valodelivery o taratari peyechi and delivery man er behaviour o valo chilosob miliye best ekta product,11,1
Ajkeii hath e paisi ,ajkeii hath e paisi ,7,0
"very very bad, ekta🤬🤬 nosto , charge temn thake na,🤬 hard type r,🤬 kan e betha lage, kew🤬 nia tk nosto korben na😡😡",very very bad ekta nosto  charge temn thake na hard type r kan e betha lage kew nia tk nosto korben na,2,2
delevery  fast silo.. sound quality 10/4 r upore slide korle auto off hoy niche slide korle abr on hoy onkei vul vabte paren j auto off hoy asole aita system Alhamdulillah motamuti vlo ase chaile nite paren❤️❤️❤️,delevery  fast silo sound quality 104 r upore slide korle auto off hoy niche slide korle abr on hoy onkei vul vabte paren j auto off hoy asole aita system alhamdulillah motamuti vlo ase chaile nite paren,7,0
"jinis ta motamoti price hisabe valo, sound valo, change back up aktu kom kintu price hisabe thik ase",jinis ta motamoti price hisabe valo sound valo change back up aktu kom kintu price hisabe thik ase,7,0
Sound quality valo but Products quality akdom kharip R packaging kotha ki bolbo akdom kharip cilo tar karon ami age pement korcilam  hoi to tar jonno hoita pare ...,sound quality valo but products quality akdom kharip r packaging kotha ki bolbo akdom kharip cilo tar karon ami age pement korcilam  hoi to tar jonno hoita pare ,7,0
Vlo.. tobe Samsung er opre jei light ta ace oita jole na..amne dam onojayi baki sbkico thik thak.Touch sensor work kore..Overall good..,vlo tobe samsung er opre jei light ta ace oita jole naamne dam onojayi baki sbkico thik thaktouch sensor work koreoverall good,10,1
dam onujayi valoi ache.. charge backup o valo.. tobe charging cable ta luss connection pay..,dam onujayi valoi ache charge backup o valo tobe charging cable ta luss connection pay,3,2
"Everything ok . Sudhu charge backup ta kom tobe dam 
Onujaye valo ache .apnara chaile nite paren","everything ok  sudhu charge backup ta kom tobe dam 
onujaye valo ache apnara chaile nite paren",6,2
"price hisebe thik ache but battery 🔋 backup ektu 2-3hours jay
100 % Recommended in this price","price hisebe thik ache but battery  backup ektu 23hours jay
100  recommended in this price",7,0
"Bad review dichilam but Alhamdulillah TWS ta khubi valo, delivery howar duidin por hate pelam",bad review dichilam but alhamdulillah tws ta khubi valo delivery howar duidin por hate pelam,1,2
"dam hesabe a ok
but koto din cole ata dekta hobe
are charge kemon thekba ta bolta pari na","dam hesabe a ok
but koto din cole ata dekta hobe
are charge kemon thekba ta bolta pari na",8,1
battery problem Ami return korbo,battery problem ami return korbo,4,2
Alhamdulellah dam Er dik tekhe airpots Ta onek vlo🖤🤍2 diner moddei hate paisi 🫀❤️‍🩹,alhamdulellah dam er dik tekhe airpots ta onek vlo2 diner moddei hate paisi ,2,2
onk valo ekta product... timely peyechi.. sound onk valo ... overall I'm satisfied 😌,onk valo ekta product timely peyechi sound onk valo  overall im satisfied ,9,1
onak sundor akta product sobai nita paran.gaming ar jonno onak valo.sound quality valo,onak sundor akta product sobai nita parangaming ar jonno onak valosound quality valo,7,0
product er colour combination Valo chilo but delivery man er behaviour Valo chilo n🤙,product er colour combination valo chilo but delivery man er behaviour valo chilo n,7,0
Onek valo..sound quality o onk sundor..kane onk khn porle bethao hoyna..nite paren,onek valosound quality o onk sundorkane onk khn porle bethao hoynanite paren,7,0
MOTA MOTi ami realme ar ta order dicilam but dise arimo but sounds good base o valo,mota moti ami realme ar ta order dicilam but dise arimo but sounds good base o valo,11,1
Onek Onek valo. Dam tao Onek Kom.,onek onek valo dam tao onek kom,7,0
dam onojai 10a 10 onek khon gun sonlam valo oi kom dam a chaile nite paren ❤️,dam onojai 10a 10 onek khon gun sonlam valo oi kom dam a chaile nite paren ,4,2
"kubi sundor buds apnar caile nite pare sound o bhalo
tnx hedaya and tnx daraz","kubi sundor buds apnar caile nite pare sound o bhalo
tnx hedaya and tnx daraz",10,1
vai onek valo akta product kom dame best sound quality o onek valo,vai onek valo akta product kom dame best sound quality o onek valo,11,1
5 din us kore revu  delam  onek vlo dam onu jaie. sund kulati o onek valo,5 din us kore revu  delam  onek vlo dam onu jaie sund kulati o onek valo,7,0
"VALOI DAM DISHABE KHUB VALO
STERIO SOUND VALOI LAGE VALO BASS DITE PARE","valoi dam dishabe khub valo
sterio sound valoi lage valo bass dite pare",7,0
"Order korlam kunta ar dilen kunta🙄..By the way,Product ta valoi ase..✅",order korlam kunta ar dilen kuntaby the wayproduct ta valoi ase,7,0
Amar ta Valo na . Charge taka na  . akta Valo ar akta Valo na nosto .,amar ta valo na  charge taka na   akta valo ar akta valo na nosto ,7,0
"Best sound quality 👌
Ei price er moddhe seraaa...!!
sobai nite paren","best sound quality 
ei price er moddhe seraaa
sobai nite paren",11,1
onk vhlo sound ashe jinis ta onk vhlo apnara perches korte paren,onk vhlo sound ashe jinis ta onk vhlo apnara perches korte paren,7,0
mota moti valo ar akto valo hole kosi hotam r hay kan beta,mota moti valo ar akto valo hole kosi hotam r hay kan beta,7,0
alhamdulillah i am satisfied...... apnara chaile nite paren,alhamdulillah i am satisfied apnara chaile nite paren,9,1
"Joos ekti Product Cilo.. Bass, Sound, Charging Backup Osthir Cilo.   Ar Seller Ta Onak Valo Cilo 😊 Thanks Daraz Ato Sundor Product Dewar Jonno.",joos ekti product cilo bass sound charging backup osthir cilo   ar seller ta onak valo cilo  thanks daraz ato sundor product dewar jonno,10,1
price hisabe quality thik ache normal use er jonno parfact,price hisabe quality thik ache normal use er jonno parfact,4,2
sei akta product ato kom dame ato vlo product sei osthir,sei akta product ato kom dame ato vlo product sei osthir,7,0
valo cilo aii damer modhee Alhamdulillah valoi peyesi..,valo cilo aii damer modhee alhamdulillah valoi peyesi,7,0
alhamdulillah Dam anujay jinista valo thank you daraj..,alhamdulillah dam anujay jinista valo thank you daraj,9,1
"balo acche.
apnara chaile nite paren
thanks daraz k","balo acche
apnara chaile nite paren
thanks daraz k",10,1
The sound quality is good considering the price. 👍,the sound quality is good considering the price ,10,1
valoie .... Sound Quality 100% koria Sonla Ok....R overall Valo,valoie  sound quality 100 koria sonla okr overall valo,7,0
baloy amnara netaparean kintu Lenovo ta nian,baloy amnara netaparean kintu lenovo ta nian,7,0
product is good but  delivery men mc 😡😡😡,product is good but  delivery men mc ,8,1
"price onujay valoi, Sound quality o valo.",price onujay valoi sound quality o valo,7,0
base ta akto beshi . Movie dekhle Mone hoi speaker Bajtase. jara gan shune tader vlo Lagbe .😌,base ta akto beshi  movie dekhle mone hoi speaker bajtase jara gan shune tader vlo lagbe ,7,0
3 mas dore bebohar koci onek good prodak,3 mas dore bebohar koci onek good prodak,10,1
motamote vaolo dam hisabe thik thak ase,motamote vaolo dam hisabe thik thak ase,7,0
"Good 🌸
valo ache Alhamdulillah valo 🌸","good 
valo ache alhamdulillah valo ",7,0
akta nosto.....mood tai nosto hoia gese,akta nostomood tai nosto hoia gese,7,0
"product Valo ache🥰
j Kew nite paren","product valo ache
j kew nite paren",4,2
"vlo cherge kom
nite paren ei dame","vlo cherge kom
nite paren ei dame",7,0
ak kothai best 😘 tnq Daraz,ak kothai best  tnq daraz,11,1
mota moti vlo price hisebe,mota moti vlo price hisebe,7,0
"balo acche.
thanks daraz k","balo acche
thanks daraz k",10,1
ek kothay onk valo ekta product r sellar vaiya ta o onk valo chilo,ek kothay onk valo ekta product r sellar vaiya ta o onk valo chilo,7,0
valo sobai nite paren ami onek gula nisi.,valo sobai nite paren ami onek gula nisi,7,0
jinis ti balo . kinto babohar korar por bujte parbo. ,jinis ti balo  kinto babohar korar por bujte parbo ,7,0
Valo kinto earbuds a Samsung likha nai. Delivery aste onek late hoise.,valo kinto earbuds a samsung likha nai delivery aste onek late hoise,7,0
"alhamdullah,,, onk Valo products,,, sound quality onk Valo ,,,, budget er modde sera products,,,, delivery man er bebohar o onk Valo cilo♥️♥️

thanks daraz","alhamdullah onk valo products sound quality onk valo  budget er modde sera products delivery man er bebohar o onk valo cilo

thanks daraz",10,1
mota muti apnara sobai nite paren kintu amr package aste atu Beshi late Kore felse but product ta average,mota muti apnara sobai nite paren kintu amr package aste atu beshi late kore felse but product ta average,7,0
khov valo akta product ai bajet ar modhe..,khov valo akta product ai bajet ar modhe,7,0
osthir..😇😇sound 100/100 valo cilo..😊,osthirsound 100100 valo cilo,7,0
earbuds e charge khub kom thake but other side quality khub valo.,earbuds e charge khub kom thake but other side quality khub valo,7,0
price hisebe bhalo ase. akn deka jak koi din use kora jai 😺,price hisebe bhalo ase akn deka jak koi din use kora jai ,7,0
valo silo. 320 tk hisabe valo. chaile nite paren 🙂,valo silo 320 tk hisabe valo chaile nite paren ,7,0
charge nosto kmn da lge..tk dia kinbo tai bole ki nosto diben..,charge nosto kmn da lgetk dia kinbo tai bole ki nosto diben,7,0
alhamdulillah valo sobai nite paren,alhamdulillah valo sobai nite paren,7,0
size ta onk choto.. daam onujayi thikache,size ta onk choto daam onujayi thikache,7,0
valo review dekhe kinlam ekhon dekhi ek ta kaj kore ekta korena.Abar ektu chole disconnect hoyebjay.Ekta cholle tao mantam etonar disconnect hole kivabe ki.,valo review dekhe kinlam ekhon dekhi ek ta kaj kore ekta korenaabar ektu chole disconnect hoyebjayekta cholle tao mantam etonar disconnect hole kivabe ki,7,0
"akdom paltu headphones ,sound quality Valo nah ak Kan suna jai arek Kan suna jai nah..
AR agula local headphones ar moto","akdom paltu headphones sound quality valo nah ak kan suna jai arek kan suna jai nah
ar agula local headphones ar moto",5,2
"dam hisabe average oto o vlo sound quality nh, R Seller k msg dile seen e kore nh ami 9 din por parcel hate paichi",dam hisabe average oto o vlo sound quality nh r seller k msg dile seen e kore nh ami 9 din por parcel hate paichi,9,1
Ummm Yeah its a good  product..ekhon dekhi kotodin chole ar kotokhon charge thke Sound quality 10/09,ummm yeah its a good  productekhon dekhi kotodin chole ar kotokhon charge thke sound quality 1009,11,1
sobai nite paren awesome akta product.....Tobe charging port Type C hole Valo hoto... I phone er charger er port deoa.....use korci onk Valo sound dey r charge o thake onk Valo...,sobai nite paren awesome akta producttobe charging port type c hole valo hoto i phone er charger er port deoause korci onk valo sound dey r charge o thake onk valo,11,1
"khub vlo product. onk din charge thake.
15 din use korar por review dilam..Over all vlo bola jai.
apnara chaile nite paren","khub vlo product onk din charge thake
15 din use korar por review dilamover all vlo bola jai
apnara chaile nite paren",7,0
alhamdulliah onek valo akta product. kinto order korecilam Kalo colour peyeci sada ta. tarporeo ato kom dam EE onek valo akta product peyeci.,alhamdulliah onek valo akta product kinto order korecilam kalo colour peyeci sada ta tarporeo ato kom dam ee onek valo akta product peyeci,7,0
ei dame khub bhalo ekta product ami kisu larsent discount e nisilam apnarao nite paren,ei dame khub bhalo ekta product ami kisu larsent discount e nisilam apnarao nite paren,7,0
Alhamdulliha. product onk valo chilo . delivery man o onk valo chilo. donnobad daraz.,alhamdulliha product onk valo chilo  delivery man o onk valo chilo donnobad daraz,7,0
"dakhalo mi dilo apple ar duplicate ta bujlam na.
but price onujaye product ta valo.","dakhalo mi dilo apple ar duplicate ta bujlam na
but price onujaye product ta valo",7,0
nice prodact bebohar kore tarpor review dicci khub valo prodact caile nite paren,nice prodact bebohar kore tarpor review dicci khub valo prodact caile nite paren,9,1
Airbud ta bhaloi.charge mota-moti onek khon thake.but delivery onek slow chilo,airbud ta bhaloicharge motamoti onek khon thakebut delivery onek slow chilo,7,0
onek balo product paisi. apnara o chaily nite paren.khub druto Delivery paisi,onek balo product paisi apnara o chaily nite parenkhub druto delivery paisi,7,0
Price onujai product valoi. Akhon dekhar bishoy charge kototuku back up day,price onujai product valoi akhon dekhar bishoy charge kototuku back up day,7,0
bhai akdom beje packet sera airpods a dag on hoy na taka gola jola galo,bhai akdom beje packet sera airpods a dag on hoy na taka gola jola galo,7,0
Samsung caichi 2 ta akta Samsung paichi ar akta  anno brand ar paichi,samsung caichi 2 ta akta samsung paichi ar akta  anno brand ar paichi,7,0
Baje product. Box packaging valo chilo na and dan kaner airpods ta nosto. Kichu sona jai na.,baje product box packaging valo chilo na and dan kaner airpods ta nosto kichu sona jai na,7,0
dam hisebe ..onek valo hoiche .....sundhar akta product paici ..tnx,dam hisebe onek valo hoiche sundhar akta product paici tnx,8,1
"Alhamdulillah, Sound quality 100/100 range o onk valo but charge backup aktu kom dei, price onujaye onek valo product",alhamdulillah sound quality 100100 range o onk valo but charge backup aktu kom dei price onujaye onek valo product,7,0
Alhamdulillah onk shundor akta product 2 day baboher korea bolci,alhamdulillah onk shundor akta product 2 day baboher korea bolci,7,0
dam hisabe jos akta product😍.quality o valo. chaile nite paren,dam hisabe jos akta productquality o valo chaile nite paren,7,0
300+ tk hishebe product kharap na.. Consider kora jaite pare eta,300 tk hishebe product kharap na consider kora jaite pare eta,7,0
price onujai airpods tah valo... thnaks daraz and the seller,price onujai airpods tah valo thnaks daraz and the seller,7,0
Alhamdulillah jemon chaici temon phaici onak valo akta jinjs sobai nite paren,alhamdulillah jemon chaici temon phaici onak valo akta jinjs sobai nite paren,7,0
"Alhumdulillah onk valo 
Price hishebe onk valo 
Recommend","alhumdulillah onk valo 
price hishebe onk valo 
recommend",9,1
motamoti valo caile nite paren 1 gonta moto charge thake,motamoti valo caile nite paren 1 gonta moto charge thake,7,0
viya ki product dilen aktay sound ase r aktay ase na??,viya ki product dilen aktay sound ase r aktay ase na,7,0
product mota muti valo but packaging khub kharap selo,product mota muti valo but packaging khub kharap selo,7,0
"Product ta os3r cilo 1st time oder kre nicilam, onk vlo lagce,",product ta os3r cilo 1st time oder kre nicilam onk vlo lagce,7,0
"kaj kore na thik moto,, touch laglei off hoye Jai",kaj kore na thik moto touch laglei off hoye jai,7,0
alhamdullah valo paichi.jeta caicilam oitay paichi.,alhamdullah valo paichijeta caicilam oitay paichi,7,0
khubi bhalo kintu product ar packaging ta bhalo na,khubi bhalo kintu product ar packaging ta bhalo na,7,0
"Vlo Sound quality, nite paren 320 takay vlo chilo",vlo sound quality nite paren 320 takay vlo chilo,7,0
3diner modde hate pelem donnobad daraz🥰,3diner modde hate pelem donnobad daraz,2,2
Holder er opener ta thik moto place hoyna.. bakisob ok,holder er opener ta thik moto place hoyna bakisob ok,9,1
charge Hoy na Vai onnek somossa nilei los😡,charge hoy na vai onnek somossa nilei los,7,0
"alhamdulliah products vlo
sobai nite paren.","alhamdulliah products vlo
sobai nite paren",7,0
oh my god!! nice product thank u daraz❤️,oh my god nice product thank u daraz,12,1
"kob baje keo niben na...
nostw ta paise","kob baje keo niben na
nostw ta paise",7,0
ai price ar vitore chole kharap na....,ai price ar vitore chole kharap na,7,0
price hisabe quality onek valo best,price hisabe quality onek valo best,11,1
"ek den o chole nai charj hoy na, ek dene nosto",ek den o chole nai charj hoy na ek dene nosto,7,0
Vai ektuo valo na .kao ata nito na,vai ektuo valo na kao ata nito na,7,0
akdom baje kau tk nosto korben na,akdom baje kau tk nosto korben na,7,0
300 tkr bitre mutamuti tik ase,300 tkr bitre mutamuti tik ase,7,0
product hate pailam daki kemon,product hate pailam daki kemon,2,2
ei budget e valoi product 👍,ei budget e valoi product ,7,0
jamon ta deksi oitai paisi khub valo,jamon ta deksi oitai paisi khub valo,7,0
Ami ja disilam ta Ashe nai aro kharap ta ashse Ami ae talay aro Valo paitam. dekhaise akta disen arekta..why?,ami ja disilam ta ashe nai aro kharap ta ashse ami ae talay aro valo paitam dekhaise akta disen arektawhy,7,0
nite paren onek balo chilo,nite paren onek balo chilo,7,0
ato kom dame Valo jinis,ato kom dame valo jinis,7,0
just awesome 9 pis nisi,just awesome 9 pis nisi,11,1
product ta asol ay joss,product ta asol ay joss,7,0
shby nite paren vlo ase,shby nite paren vlo ase,7,0
motamoti valo.  dan kaner tar sound khubi valo kintu bam kaner ta beshi ekta valo na,motamoti valo  dan kaner tar sound khubi valo kintu bam kaner ta beshi ekta valo na,7,0
"motamoti, dame kom mane valo",motamoti dame kom mane valo,7,0
Daraz ara protarok kaharap jinish dey.,daraz ara protarok kaharap jinish dey,7,0
motamoti balo charge kom thake aitoi ja somossa,motamoti balo charge kom thake aitoi ja somossa,7,0
ektu owh valo nah oraimo ar aita onk deeprange duplicate aktu owh valo nah onk somy lage puls aktu ow valo nah,ektu owh valo nah oraimo ar aita onk deeprange duplicate aktu owh valo nah onk somy lage puls aktu ow valo nah,4,2
1st of all jeita dekhaisen oita den nai. ,1st of all jeita dekhaisen oita den nai ,7,0
"ami shob somoy order kori daraz theke kintu ai bar amon products dibe kono din bavi nai 
onk baje akta product, klk niyechi right side er ta kaaj kore r left tai charge e hoi na akdom nosto","ami shob somoy order kori daraz theke kintu ai bar amon products dibe kono din bavi nai 
onk baje akta product klk niyechi right side er ta kaaj kore r left tai charge e hoi na akdom nosto",7,0
sound quality overall Budget friendly but j Cable ta diacen ai tay crg uthe nah,sound quality overall budget friendly but j cable ta diacen ai tay crg uthe nah,7,0
Ekta vlo arekta nosto. Eta khub e unexpected. Check kore deya uchit chilo.,ekta vlo arekta nosto eta khub e unexpected check kore deya uchit chilo,7,0
eke bare baje chi chi ogore paile ami age suddam product khub baje oak thu,eke bare baje chi chi ogore paile ami age suddam product khub baje oak thu,7,0
"product Valo, but charge theke na, minimum 30 minute change take.",product valo but charge theke na minimum 30 minute change take,7,0
"sensor ektao kaj kore na,, voice recording valo na😓😓😓",sensor ektao kaj kore na voice recording valo na,7,0
headphone ekta cholche arekta cholche eita ki dilen bhai,headphone ekta cholche arekta cholche eita ki dilen bhai,7,0
Quality nai. Order disi white dise black.,quality nai order disi white dise black,7,0
product quality ektu kharap kbl received korlam akhn e somossa palam aro to din baki ase,product quality ektu kharap kbl received korlam akhn e somossa palam aro to din baki ase,7,0
sounds systems onk onk kharp,sounds systems onk onk kharp,7,0
"valo nah
connect e hoy nah","valo nah
connect e hoy nah",5,2
faltu keo niyen na plsds,faltu keo niyen na plsds,7,0
kom dam a valo produced sobi nita paran,kom dam a valo produced sobi nita paran,7,0
"Alhamdulillah aita mota moti valoi kom
Price a valo podak ar Kew niya chalice niya paren","alhamdulillah aita mota moti valoi kom
price a valo podak ar kew niya chalice niya paren",7,0
Khub valo product,khub valo product,7,0
Khubi valo products price onujai onk valo ami mone kori matro hate fellam use kore deklam best ar delivery man ar behavior onk valo cilow donnobad daraz 🤍,khubi valo products price onujai onk valo ami mone kori matro hate fellam use kore deklam best ar delivery man ar behavior onk valo cilow donnobad daraz ,7,0
"1.khub akta valo na.
2.ak side ar tar sound kom hoy.ay budget hishabe valo .
3. Quality valo.kintu khub valo na.","1khub akta valo na
2ak side ar tar sound kom hoyay budget hishabe valo 
3 quality valokintu khub valo na",7,0
Price onujai thik aseh but noice cancellation and baki features kaj kore na but sound quality chole mota moti,price onujai thik aseh but noice cancellation and baki features kaj kore na but sound quality chole mota moti,7,0
Product order deoar 2 din pore pelum . product onek bhalo packaging ta dekhe bhalo mone hocche . Beboharer por bakita bolajabe.,product order deoar 2 din pore pelum  product onek bhalo packaging ta dekhe bhalo mone hocche  beboharer por bakita bolajabe,7,0
product ta onek onek valo chilo shobai mite paren ar delivery o taratari hoiche delivery vaita onek valo oi onujai aro valo laglo tnx vai...ar daraz ke dhonnobad eto shundor ekti product amake deyar jonno,product ta onek onek valo chilo shobai mite paren ar delivery o taratari hoiche delivery vaita onek valo oi onujai aro valo laglo tnx vaiar daraz ke dhonnobad eto shundor ekti product amake deyar jonno,8,1
"Daraz theke eto balo ekta airpod pabo kolponawo kori nai🤷‍♂️ 
Khub balo ekta airpod sound quality sei apnara lagle nite paren 🙂","daraz theke eto balo ekta airpod pabo kolponawo kori nai 
khub balo ekta airpod sound quality sei apnara lagle nite paren ",7,0
"ANC kaaj kore na....plus charger o kaaj korena
overall daam onujai kharap na. sound bhalo Alhamdulillah.","anc kaaj kore naplus charger o kaaj korena
overall daam onujai kharap na sound bhalo alhamdulillah",7,0
"product ar anc kaj kore na🙂
ai prize a anno sokol airpods ar ai anc kaj kore🙂
5 star dilam jeno sobai revew dekkhe kinte pare👍","product ar anc kaj kore na
ai prize a anno sokol airpods ar ai anc kaj kore
5 star dilam jeno sobai revew dekkhe kinte pare",10,1
"15 din er moto use korlam..airpods valoi but ANC kaj kortece naki sure na tobe original airpods er moto onno features kaj kortece, overall valo",15 din er moto use korlamairpods valoi but anc kaj kortece naki sure na tobe original airpods er moto onno features kaj kortece overall valo,11,1
this airpod is perfect for daily uses. sound quality is good and also charge long lasting stay. and lastly i say seller vaiya onk valo thank u vaiya 🥹✨,this airpod is perfect for daily uses sound quality is good and also charge long lasting stay and lastly i say seller vaiya onk valo thank u vaiya ,12,1
Sundor packaging chilo. Box e ektu o kono scratch pai ni. Bhitore sob kichui valo moto chilo.,sundor packaging chilo box e ektu o kono scratch pai ni bhitore sob kichui valo moto chilo,5,2
"good product  . but bass ektu kom and Baki sob thik ache . 
for daraz best offes 01920610605","good product   but bass ektu kom and baki sob thik ache  
for daraz best offes 01920610605",10,1
"The packaging is good, and the product looks just like the picture shown. so, would recommend",the packaging is good and the product looks just like the picture shown so would recommend,12,1
"Prodakti vlo... 
kicu din dore use korte ci Kno problem daki nai.
Battery health o onk vlo❤️","prodakti vlo 
kicu din dore use korte ci kno problem daki nai
battery health o onk vlo",4,2
same to same paichi....onek sundor product... sound quality onek Valo...besss o Valo dey...,same to same paichionek sundor product sound quality onek valobesss o valo dey,7,0
"Quality  khub valo mone hocchey. long run e service kemon dibe janina, but i'm hopeful.",quality  khub valo mone hocchey long run e service kemon dibe janina but im hopeful,11,1
"awesome 😎 
seller o onek vlo 
delivery fast peyechilam 😎
charge backup o vlo e ❤️‍🔥","awesome  
seller o onek vlo 
delivery fast peyechilam 
charge backup o vlo e ",11,1
"not bad..ANC works, beige is too much.....and wearless charge o hoy..valo lagse..🤍",not badanc works beige is too muchand wearless charge o hoyvalo lagse,7,0
alhamdulillah product onek Valo 2 din use korar por review dite si sobai nete paren,alhamdulillah product onek valo 2 din use korar por review dite si sobai nete paren,7,0
"price onujayi thik ase. premium premium ase.
dalivery man o khub valo silo.","price onujayi thik ase premium premium ase
dalivery man o khub valo silo",7,0
The Airpod Was Good....Ami ank Din jabot use korsi..Bash Valo..product,the airpod was goodami ank din jabot use korsibash valoproduct,7,0
"prodect bhaloi anc nai sound qualitio chole 
kinsi 570 dia nite paren","prodect bhaloi anc nai sound qualitio chole 
kinsi 570 dia nite paren",7,0
"Alhamdulilla valo akta prodacted paiche 
sound /baje 100 ta 96","alhamdulilla valo akta prodacted paiche 
sound baje 100 ta 96",7,0
quality ta ero better kora uchit chilo pods er r all goooood,quality ta ero better kora uchit chilo pods er r all goooood,10,1
this comment is not available this comment is not available,this comment is not available this comment is not available,7,0
Overall valoi..... Specially sound quality is satisfying,overall valoi specially sound quality is satisfying,10,1
onek valo quality sound smooth tnx seller ami 2ta niyeci,onek valo quality sound smooth tnx seller ami 2ta niyeci,8,1
Sob kisu thik moto peyesi. Price hisebe onek valo hoise,sob kisu thik moto peyesi price hisebe onek valo hoise,5,2
nice products valo lagar moto. chailay nitay paren,nice products valo lagar moto chailay nitay paren,9,1
Ay price a onk valo product peyesi. sobay nite paren,ay price a onk valo product peyesi sobay nite paren,7,0
"goog quality,  sound valo, clear, price onujaye best",goog quality  sound valo clear price onujaye best,12,1
Valo podak taka onojai Valo apnara caile nite paren,valo podak taka onojai valo apnara caile nite paren,7,0
Asolei onk vlo akta products. thank you seller bhai,asolei onk vlo akta products thank you seller bhai,9,1
Dame onujai product ta onk vlo. Sobai nita paren.,dame onujai product ta onk vlo sobai nita paren,7,0
Price onujayi best quality...I am fully satisfied,price onujayi best qualityi am fully satisfied,12,1
good.  sound ta arakto... clear hoila valo hoto,good  sound ta arakto clear hoila valo hoto,11,1
good products jemon ta asha korchi tmn e paici,good products jemon ta asha korchi tmn e paici,10,1
ak kothai joss valo lagse caile neta paran👍,ak kothai joss valo lagse caile neta paran,7,0
product ta onk vlo apnara caila nita paran,product ta onk vlo apnara caila nita paran,7,0
product ta onk vlo best quality full,product ta onk vlo best quality full,11,1
onk valo product sobai nita paran ❤️,onk valo product sobai nita paran ,7,0
"nice product, price onujayi thik ase",nice product price onujayi thik ase,9,1
Anek valo ginista.Thank you Darraz,anek valo ginistathank you darraz,7,0
sooo good…taka hisabay onk vlo…,sooo goodtaka hisabay onk vlo,7,0
vai best kintu anc nai ga,vai best kintu anc nai ga,11,1
same to same for ad,same to same for ad,7,0
"valoi asha sound Quality valo ✅

akhon dakha bijoy charge kotokhon thake😇

charge back up kharap sob e thik asa 💔","valoi asha sound quality valo 

akhon dakha bijoy charge kotokhon thake

charge back up kharap sob e thik asa ",5,2
airpords 2 ta valo kintu charger dise charger a kono kaz kore na ai charger diya charge hoi  na onno charger dile hoy,airpords 2 ta valo kintu charger dise charger a kono kaz kore na ai charger diya charge hoi  na onno charger dile hoy,7,0
"eikane lekha ase noise cancelling,but noise cancelling kora jai na.",eikane lekha ase noise cancellingbut noise cancelling kora jai na,5,2
Jars AirPods Ai bar pothom bebohar kortaso tara nite paro Amar kase valo lage nai akdom baje ar thike akta tar ala headphones niya valo silo 😔😔,jars airpods ai bar pothom bebohar kortaso tara nite paro amar kase valo lage nai akdom baje ar thike akta tar ala headphones niya valo silo ,7,0
shob theke best eta Ami ageo onek gula kinchi daraz theke kintu etar moto Ek taw pai nai best product forever thanks selar eto bhalo product deoyar Jonno🤍🤍🤍🤍,shob theke best eta ami ageo onek gula kinchi daraz theke kintu etar moto ek taw pai nai best product forever thanks selar eto bhalo product deoyar jonno,13,1
Thik moto charge hoina charge o beshikkhon thakena emnite sob thik thak but ami suggest korbo eta kew na neyar jonno,thik moto charge hoina charge o beshikkhon thakena emnite sob thik thak but ami suggest korbo eta kew na neyar jonno,6,2
"2diner moddhe delivery peye gesi eita valo lagce, sound quality valoi ache, kotodin jay seta dekhar bishoy.",2diner moddhe delivery peye gesi eita valo lagce sound quality valoi ache kotodin jay seta dekhar bishoy,4,2
akdom baje sound quality r charge backup onek kom...anc to nai e... bud ar tus autocratic kaj kore power on off hoi,akdom baje sound quality r charge backup onek komanc to nai e bud ar tus autocratic kaj kore power on off hoi,7,0
"products ta master copy.. but works fine..sound quality valo .. Bluetooth connection , base motamoti .",products ta master copy but works finesound quality valo  bluetooth connection  base motamoti ,7,0
"Ai seller er babohar valo,se customer der sathe valo behave koren.Unar product o onek valo kom dam e ase.Bur daraz er chor delivery man ra mal curi kore nei.",ai seller er babohar valose customer der sathe valo behave korenunar product o onek valo kom dam e asebur daraz er chor delivery man ra mal curi kore nei,7,0
"sound quality marattok price hisabe. bass valo, 2 hour age hathe paisi, jokhn unbox krsilm 70% chrg silo.💗",sound quality marattok price hisabe bass valo 2 hour age hathe paisi jokhn unbox krsilm 70 chrg silo,7,0
price anujai ato vlo na products.  ar aktu best hoa dorkar silo and sob thake boro kotha akta airbird nost.  kaj kore na 😢,price anujai ato vlo na products  ar aktu best hoa dorkar silo and sob thake boro kotha akta airbird nost  kaj kore na ,10,1
Charge Kom Thake Sound Quality Tmn Valo Na ! Normally Use r Jnno Thik Ase Heavy Sound o Na Abar Kom o Na Medium.Bola Jay Cole Kono rokom.,charge kom thake sound quality tmn valo na  normally use r jnno thik ase heavy sound o na abar kom o na mediumbola jay cole kono rokom,7,0
ANC supported na. Quality o average. Onek beshi valo naa. Review dkhei nisilam but disappointed,anc supported na quality o average onek beshi valo naa review dkhei nisilam but disappointed,3,2
